{"cameraMode":{"drawMode":0,"name":"Shaded","section":"Shading Mode"},"sceneLighting":true,"audioPlay":false,"sceneViewState":{"m_AlwaysRefresh":false,"showFog":true,"showSkybox":true,"showFlares":true,"showImageEffects":true,"showParticleSystems":true,"showVisualEffectGraphs":true,"m_FxEnabled":true},"in2DMode":false,"pivot":{"x":-1.9480887651443482,"y":26.791507720947267,"z":57.405540466308597},"rotation":{"x":-0.008495557121932507,"y":0.9550327658653259,"z":-0.2954275906085968,"w":-0.02751842886209488},"size":12.723854064941407,"orthographic":false}